﻿{"installationId": "880fa2b0-b5ae-11f0-a4a4-3e2f01ff63b9", "subscriptions": [{"id": "99e19a9e-66d7-4b48-ad3f-1ad751841555", "name": "Azure for Students", "state": "Enabled", "user": {"name": "RUSHIKESHPATIL2021AIML@dietms.org", "type": "user"}, "isDefault": true, "tenantId": "c07baa83-028f-4ea2-915f-34a4805cca8a", "environmentName": "AzureCloud", "homeTenantId": "c07baa83-028f-4ea2-915f-34a4805cca8a", "tenantDefaultDomain": "dietms.org", "tenantDisplayName": "Deogiri Institute of Engineering and Management Studies, Aurangabad", "managedByTenants": []}]}